ZipCode,INCIDENTNEIGHBORHOOD
15213,Bloomfield
15205,Outside City
15238,Westwood
15212,East Allegheny
15205,Crafton Heights
15219,Greenfield
15226,Brookline
15219,Regent Square
15206,East Liberty
15210,Carrick
15203,Crafton Heights
15212,Allegheny Center
15203,South Side Flats
15204,Sheraden
15233,South Side Flats
15219,East Carnegie
15222,Golden Triangle/Civic Arena
15219,Point Breeze North
15214,Perry South
15219,South Side Flats
15233,Allentown
15210,Allentown
15219,Golden Triangle/Civic Arena
15212,North Shore
15212,Marshall-Shadeland
15219,Central Oakland
15219,Middle Hill
15222,Strip District
15219,Lincoln-Lemington-Belmar
15219,Central Northside
15219,Troy Hill-Herrs Island
15206,Highland Park
15208,Homewood North
15219,Northview Heights
15219,Brighton Heights
15233,Bloomfield
15207,Hazelwood
15219,Perry North
15219,Homewood North
15219,Bedford Dwellings
15220,Elliott
15216,Beechview
15221,East Hills
15219,East Allegheny
15219,Fineview
15203,Carrick
15207,Glen Hazel
15219,Spring Hill-City View
15219,Marshall-Shadeland
15212,Central Northside
15221,Bluff
15219,Carrick
15219,Beechview
15233,Manchester
15206,Homewood West
15233,Outside County
15221,Point Breeze
15208,Homewood West
15221,Homewood South
15217,Squirrel Hill South
15212,Northview Heights
15219,Terrace Village
15212,Spring Hill-City View
15224,Bloomfield
15238,Lincoln-Lemington-Belmar
15201,Upper Lawrenceville
15210,Arlington
15210,South Side Slopes
15219,Bluff
15220,Crafton Heights
15219,Homewood South
15224,Lower Lawrenceville
15224,Garfield
15208,Homewood South
15207,Lincoln Place
15219,Elliott
15219,Allegheny Center
15208,Point Breeze North
15206,Larimer
15206,Westwood
15212,Fineview
15214,Northview Heights
15211,Mount Washington
15219,California-Kirkbride
15219,Bloomfield
15216,Banksville
15216,Bon Air
15219,South Shore
15219,Hazelwood
15214,Fineview
15206,Lincoln-Lemington-Belmar
15203,South Side Slopes
15219,Mount Washington
15206,Bloomfield
15210,Bon Air
15219,Beltzhoover
15220,Golden Triangle/Civic Arena
15219,Strip District
15201,Sheraden
15210,Knoxville
15219,Sheraden
15227,Carrick
15207,Greenfield
15215,Lincoln-Lemington-Belmar
15219,Chateau
15219,Crawford-Roberts
15219,Polish Hill
15219,Fairywood
15220,West End
15232,Shadyside
15210,North Shore
15219,North Shore
15219,Knoxville
15213,Central Oakland
15212,Golden Triangle/Civic Arena
15212,Morningside
15206,Garfield
15206,Homewood South
15219,Overbrook
15222,Carrick
15229,Troy Hill-Herrs Island
15227,East Liberty
15219,Friendship
15222,Outside City
15212,Brighton Heights
15219,West End
15219,North Oakland
15219,Shadyside
15219,Crafton Heights
15201,Central Lawrenceville
15205,Oakwood
15206,Homewood North
15219,East Liberty
15210,Golden Triangle/Civic Arena
15206,Upper Hill
15212,Troy Hill-Herrs Island
15213,South Oakland
15219,West Oakland
15211,Allentown
15217,Greenfield
15219,South Side Slopes
15219,Point Breeze
15220,South Shore
15219,Spring Garden
15219,East Hills
15219,Brookline
15219,Outside County
15208,Hazelwood
15233,Garfield
15233,Allegheny West
15232,Friendship
15231,East Allegheny
15233,Fairywood
15233,Golden Triangle/Civic Arena
15221,Homewood North
15219,Westwood
15219,Central Lawrenceville
15219,Perry South
15222,Beechview
15226,Bon Air
15205,Westwood
15221,Greenfield
15210,St. Clair
15201,Stanton Heights
15219,Squirrel Hill South
15206,Golden Triangle/Civic Arena
15204,Esplen
15203,Beechview
15219,Morningside
15213,West Oakland
15219,Garfield
15204,Fairywood
15224,Banksville
15219,Squirrel Hill North
15206,Shadyside
15212,Spring Garden
15213,Shadyside
15219,Allentown
15222,Lincoln-Lemington-Belmar
15221,Outside City
15221,East Liberty
15228,Larimer
15208,Bluff
15219,Upper Hill
15219,Larimer
15216,Carrick
15233,Morningside
15219,Mt. Oliver Neighborhood
15204,Golden Triangle/Civic Arena
15206,Point Breeze
15220,Outside City
15203,South Oakland
15214,Perry North
15220,Banksville
15210,East Allegheny
15215,Beechview
15222,Spring Garden
15210,Mt. Oliver Neighborhood
15282,Golden Triangle/Civic Arena
15213,North Oakland
15220,Sheraden
15208,Golden Triangle/Civic Arena
15210,Homewood North
15210,Beltzhoover
15212,California-Kirkbride
15219,South Oakland
15233,Chateau
15219,Summer Hill
15219,Homewood West
15226,Mount Washington
15212,Terrace Village
15229,Perry South
15213,Terrace Village
15212,Perry South
15219,Arlington
15208,East Hills
15222,Arlington
15208,Highland Park
15206,Strip District
15204,Outside City
15224,Shadyside
15224,Carrick
15210,Perry South
15206,Perry North
15206,Morningside
15220,Strip District
15212,Sheraden
15207,South Side Flats
15210,Brookline
15208,Bloomfield
15214,Highland Park
15201,Lower Lawrenceville
15224,Highland Park
15234,Chateau
15220,Morningside
15210,Chateau
15217,Marshall-Shadeland
15210,Mount Washington
15227,Beechview
15232,Allegheny West
15213,East Allegheny
15219,Manchester
15219,Banksville
15210,Outside County
15201,Morningside
15212,Banksville
15226,Beechview
15210,Overbrook
15219,Outside City
15210,Arlington Heights
15234,Overbrook
15212,Manchester
15206,East Hills
15222,Esplen
15210,South Shore
15219,Highland Park
15208,Outside County
15219,Troy Hill
15212,Troy Hill
15222,Central Business District
15213,Central Business District
15219,Lincoln Place
15211,Beltzhoover
15208,Point Breeze
15212,Central North Side
15219,Mount Oliver
15226,South Side Slopes
15212,Central Business District
15219,Central North Side
15219,Central Business District
15213,Lincoln-Lemington-Belmar
15204,Windgap
15206,Friendship
15221,Point Breeze North
15205,Elliott
15224,Stanton Heights
15212,Crawford-Roberts
15215,South Side Flats
15205,Brookline
15205,Fairywood
15211,Carrick
15214,Central Business District
15210,Hazelwood
15219,Lower Lawrenceville
15211,Arlington
15222,Sheraden
15224,Central Lawrenceville
15210,Central North Side
15213,Greenfield
15227,Lincoln Place
15204,Marshall-Shadeland
15233,Marshall-Shadeland
15209,Brighton Heights
15210,Outside State
15219,Windgap
15221,Allentown
15213,Bluff
15233,North Shore
15212,Summer Hill
15219,Upper Lawrenceville
15206,East Allegheny
15219,Oakwood
15210,West Oakland
15222,Bluff
15222,West Oakland
15233,Highland Park
15201,Carrick
15212,Chateau
15233,Shadyside
15203,Brookline
15211,Duquesne Heights
15122,Arlington Heights
15201,Overbrook
15212,Allegheny West
15224,Morningside
15210,Bloomfield
15221,Bloomfield
15212,Lower Lawrenceville
15219,Bon Air
15207,New Homestead
15224,Bon Air
15233,Sheraden
15213,Hazelwood
15233,Homewood West
15233,Arlington
15221,Outside County
15222,East Allegheny
15210,Crawford-Roberts
15206,Northview Heights
15206,Knoxville
15212,Mount Washington
15206,Stanton Heights
15233,Middle Hill
15220,Ridgemont
15212,Knoxville
15220,Westwood
15203,Arlington Heights
15210,Outside City
15212,Lincoln-Lemington-Belmar
15219,Arlington Heights
15221,Squirrel Hill South
15232,Bloomfield
15204,East Allegheny
15226,Knoxville
15208,Lincoln-Lemington-Belmar
15204,Crafton Heights
15219,Glen Hazel
15221,Larimer
15224,Homewood South
15207,West Oakland
15226,North Shore
15206,Swisshelm Park
15201,Polish Hill
15210,East Liberty
15217,Shadyside
15218,Shadyside
15212,West End
15233,West End
15206,Central Business District
15226,Beltzhoover
15206,Outside City
15210,Bluff
15221,Crawford-Roberts
15214,Marshall-Shadeland
15212,Outside City
15212,Crafton Heights
15232,North Shore
15207,Hays
15221,Stanton Heights
15233,Brookline
15201,North Oakland
15238,East Hills
15211,Spring Hill-City View
15217,Central Lawrenceville
15214,Spring Hill-City View
15214,Homewood North
15212,Elliott
15224,Lincoln-Lemington-Belmar
15227,Brookline
15215,Highland Park
15238,Highland Park
15213,East Hills
15203,Allentown
15221,Central Business District
15211,South Side Flats
15203,South Shore
15201,Strip District
15233,Arlington Heights
15212,Perry North
15210,Mount Oliver
15210,Strip District
15211,Garfield
15212,Allentown
15233,Central North Side
15224,East Liberty
15212,Hazelwood
15219,Ridgemont
15218,South Oakland
15218,Bloomfield
15234,Beechview
15206,Allentown
15236,Mount Washington
15220,Allentown
15208,Squirrel Hill South
15220,Oakwood
15223,Lincoln-Lemington-Belmar
15207,Squirrel Hill South
15208,Outside City
15220,Duquesne Heights
15203,Arlington
15214,Summer Hill
15232,Bluff
15237,Central North Side
15237,Fineview
15224,Crawford-Roberts
15218,Central Oakland
15220,South Side Flats
15212,Beltzhoover
15208,Larimer
15226,Bedford Dwellings
15216,Bloomfield
15226,Banksville
15220,Brookline
15204,Allegheny West
15204,Chartiers City
15210,Point Breeze North
15212,Brookline
15212,Middle Hill
15224,Duquesne Heights
15213,Central North Side
15236,Outside County
15222,Bloomfield
15203,Hazelwood
15233,California-Kirkbride
15217,Squirrel Hill North
15232,Outside City
15203,Homewood North
15206,Outside County
15219,Stanton Heights
15222,Fineview
15212,Homewood South
15221,Upper Hill
15237,South Shore
15210,Central Lawrenceville
15210,Central Oakland
15212,Bluff
15217,Point Breeze
15210,South Oakland
15201,Crawford-Roberts
15219,Hays
15212,East Liberty
15211,Morningside
15222,East Hills
15221,Friendship
15220,Beltzhoover
15206,Middle Hill
15222,South Side Flats
15221,North Oakland
15210,Elliott
15210,Spring Garden
15206,Crawford-Roberts
15222,Crafton Heights
15227,Hazelwood
15221,Homewood West
15222,Allegheny Center
15226,Bloomfield
15220,Beechview
15210,Central Business District
15217,East Liberty
15208,Squirrel Hill North
15214,California-Kirkbride
15212,Highland Park
15207,Outside City
15221,West Oakland
15222,Bedford Dwellings
15203,Central North Side
15218,Fairywood
15214,Terrace Village
15232,Strip District
15204,Elliott
15206,Carrick
15228,Point Breeze North
15226,Carrick
15227,Overbrook
15219,Allegheny West
15201,Larimer
15206,Central North Side
15207,Middle Hill
15210,South Side Flats
15218,Homewood North
15207,Bluff
15213,Upper Hill
15222,Garfield
15220,East Hills
15209,Central North Side
15204,West End
15204,Spring Hill-City View
15233,Carrick
15203,Bluff
15208,Garfield
15218,Terrace Village
15223,Perry South
15216,Overbrook
15219,Duquesne Heights
15224,Hazelwood
15207,Sheraden
15212,South Side Flats
15216,Brookline
15212,Garfield
15212,Beechview
15216,Shadyside
15212,North Oakland
15212,Squirrel Hill South
15214,Brighton Heights
15235,Outside City
15212,Strip District
15209,Crawford-Roberts
15213,California-Kirkbride
15207,Elliott
15203,Glen Hazel
15220,Central Business District
15236,Hazelwood
15224,Beechview
15214,Central North Side
15216,West End
15221,Lincoln-Lemington-Belmar
15233,Beltzhoover
15220,North Oakland
15206,Squirrel Hill South
15224,Mount Washington
15235,Point Breeze North
15234,Mount Washington
15222,Crawford-Roberts
15233,Perry South
15222,Elliott
15219,Outside State
15217,East Allegheny
15212,West Oakland
15220,Perry South
15224,Central Business District
15212,Bloomfield
15222,Central Lawrenceville
15219,Esplen
15219,Swisshelm Park
15220,Brighton Heights
15203,East Hills
15210,Homewood South
15252,Marshall-Shadeland
15201,Lincoln-Lemington-Belmar
15218,East Hills
15220,Chartiers City
15218,Hays
15218,Swisshelm Park
15203,Central Oakland
15208,Terrace Village
15227,California-Kirkbride
15210,Lincoln-Lemington-Belmar
15233,Central Business District
15219,St. Clair
15235,Strip District
15243,Central North Side
15206,Sheraden
15220,Marshall-Shadeland
15207,East Liberty
15201,Bloomfield
15243,South Side Flats
15214,Outside City
15214,Allentown
15221,Upper Lawrenceville
15214,East Liberty
15205,Crawford-Roberts
15207,Outside State
15203,Mount Washington
15210,Perry North
15213,Squirrel Hill North
15222,Middle Hill
15207,Homewood North
15225,Outside City
15213,Central Lawrenceville
15206,Bedford Dwellings
15218,Regent Square
15219,Chartiers City
15223,Shadyside
15222,Highland Park
15213,South Side Flats
15203,Chateau
15212,Central Oakland
15233,Bluff
15212,Arlington Heights
15217,West Oakland
15202,Marshall-Shadeland
15122,Lincoln Place
15212,Outside County
15213,Outside City
15229,Perry North
15217,Point Breeze North
15208,Sheraden
15221,Perry South
15234,South Side Flats
15206,West Oakland
15219,New Homestead
15224,Squirrel Hill South
15217,Larimer
15206,South Side Flats
15206,Brighton Heights
15222,Homewood South
15208,Upper Hill
15217,Regent Square
15233,Spring Hill-City View
15205,Spring Garden
15210,West End
15207,Outside County
15213,North Shore
15224,North Oakland
15213,Friendship
15222,Outside State
15214,Spring Garden
15206,Brookline
15235,Perry South
15201,East Liberty
15213,East Liberty
15204,Allentown
15224,Middle Hill
15208,East Liberty
15213,Crafton Heights
15222,North Oakland
15220,Middle Hill
15220,Homewood South
15204,Westwood
15233,Strip District
15238,East Liberty
15233,Homewood South
15202,Brighton Heights
15203,Sheraden
15233,Crawford-Roberts
15209,Central Oakland
15235,Larimer
15205,Marshall-Shadeland
15220,Carrick
15233,North Oakland
15210,Mt. Oliver Boro
15217,Swisshelm Park
15235,Homewood North
15206,Outside State
15233,Crafton Heights
15221,Oakwood
15224,Friendship
15221,Beechview
15204,North Oakland
15239,Homewood South
15235,Outside State
15226,Outside County
15203,Friendship
15205,Sheraden
15227,Outside City
15233,Perry North
15212,Outside State
15122,South Side Flats
15220,Bon Air
15214,Upper Hill
15219,Mt. Oliver Boro
15237,Perry North
15205,South Side Slopes
15207,South Oakland
15203,Strip District
15233,Knoxville
15207,Knoxville
15225,South Side Flats
15221,Shadyside
15204,Shadyside
15235,Homewood West
15233,Bedford Dwellings
15224,South Oakland
15222,Marshall-Shadeland
15222,Troy Hill
15226,Sheraden
15221,Regent Square
15222,North Shore
15233,East Allegheny
15212,Stanton Heights
15212,Oakwood
15205,East Carnegie
15201,Central Business District
15215,Point Breeze
15213,Middle Hill
15210,Bedford Dwellings
15204,South Side Flats
15217,Chateau
15205,Spring Hill-City View
15206,Allegheny Center
15210,Sheraden
15220,East Allegheny
15212,Carrick
15211,Brookline
15214,Outside County
15213,Homewood North
15217,Lincoln-Lemington-Belmar
15211,Central Business District
15211,Highland Park
15235,Marshall-Shadeland
15206,Marshall-Shadeland
15226,Esplen
15209,Lincoln-Lemington-Belmar
15226,Bluff
15217,Knoxville
15213,Crawford-Roberts
15233,Esplen
15214,Upper Lawrenceville
15220,Mount Washington
15226,Allentown
15217,Hazelwood
15213,Squirrel Hill South
15206,Mount Washington
15203,Shadyside
15232,South Side Slopes
15220,South Side Slopes
15232,Lower Lawrenceville
15220,Fairywood
15221,Troy Hill
15275,Perry South
15233,Mount Washington
15216,Sheraden
15226,Arlington
15220,East Liberty
15217,Lincoln Place
15201,Bon Air
15226,Perry South
15226,West End
15233,Fineview
15224,Marshall-Shadeland
15212,South Oakland
15206,North Oakland
15213,Homewood South
15204,East Hills
15210,Lower Lawrenceville
15233,South Side Slopes
15216,Beltzhoover
15206,Central Lawrenceville
15210,Point Breeze
15210,Crafton Heights
15221,Garfield
15203,Beltzhoover
15211,Perry South
15204,Carrick
15206,Beltzhoover
15209,Outside City
15207,Highland Park
15224,Allentown
15236,Beechview
15236,Allegheny Center
15226,Brighton Heights
15238,Outside City
15222,Mount Washington
15217,Carrick
15228,Brookline
15203,Greenfield
15208,Outside State
15227,Garfield
15214,North Shore
15201,South Oakland
15221,South Side Flats
15229,Squirrel Hill North
15216,Northview Heights
15227,East Allegheny
15227,South Side Flats
15203,Squirrel Hill South
15214,Mount Washington
15214,Outside State
15232,East Hills
15226,Homewood South
15212,Upper Hill
15210,Highland Park
15233,Brighton Heights
15212,Shadyside
15226,Fairywood
15220,Bedford Dwellings
15215,South Side Slopes
15214,Manchester
15223,Sheraden
15223,Central Lawrenceville
15221,Middle Hill
15206,Troy Hill
15218,East Liberty
15232,Point Breeze
15210,Shadyside
15203,East Allegheny
15212,Bedford Dwellings
15206,Bluff
15206,Hays
15235,East Hills
15210,Terrace Village
15213,South Side Slopes
15222,East Liberty
15221,Allegheny West
15233,Troy Hill
15217,North Oakland
15275,Friendship
15214,East Allegheny
15203,Larimer
15203,Bloomfield
15211,South Side Slopes
15203,Bedford Dwellings
15220,California-Kirkbride
15214,Sheraden
15212,Point Breeze
15212,Lincoln Place
15201,Troy Hill
15211,West Oakland
15203,Middle Hill
15213,Mount Washington
15222,Allentown
15217,Crawford-Roberts
15226,Overbrook
15222,Knoxville
15233,Greenfield
15213,Marshall-Shadeland
15213,Point Breeze
15206,Upper Lawrenceville
15218,Hazelwood
15224,Troy Hill
15227,Arlington
15217,Homewood South
15203,Allegheny Center
15215,Bloomfield
15233,Squirrel Hill South
15213,Polish Hill
15214,Allegheny Center
15122,Brookline
15208,Strip District
15213,Elliott
15212,Esplen
15203,Central Lawrenceville
15212,Chartiers City
15222,Outside County
15215,East Hills
15206,Lower Lawrenceville
15233,East Liberty
15212,South Side Slopes
15212,Point Breeze North
15214,Homewood South
15206,Spring Hill-City View
15237,Bedford Dwellings
15217,Homewood North
15210,Banksville
15206,Point Breeze North
15207,Central Oakland
15205,Middle Hill
15207,Lincoln-Lemington-Belmar
15201,Homewood South
15221,Outside State
15224,Point Breeze North
15222,Shadyside
15217,Northview Heights
15210,Squirrel Hill North
15237,Lincoln Place
15207,Regent Square
15213,Carrick
15220,Outside State
15205,Highland Park
15222,Spring Hill-City View
15220,East Carnegie
15205,Beechview
15227,Hays
15214,Squirrel Hill North
15238,Bluff
15224,Homewood West
15233,Upper Lawrenceville
15216,Garfield
15214,Chateau
15201,Shadyside
15226,Outside City
15203,Lincoln-Lemington-Belmar
15204,Beechview
15233,Northview Heights
15222,South Oakland
15217,Central Business District
15122,Lincoln-Lemington-Belmar
15208,Northview Heights
15203,Elliott
15218,Garfield
15202,South Side Flats
15226,South Oakland
15210,Garfield
15220,Crawford-Roberts
15216,Outside City
15204,Ridgemont
15203,Spring Hill-City View
15241,Marshall-Shadeland
15217,South Side Flats
15203,Central Business District
15231,Squirrel Hill North
15226,Central Business District
15232,West Oakland
15241,Bluff
15208,Marshall-Shadeland
15203,Northview Heights
15208,Allegheny Center
15218,Homewood South
15217,Central Oakland
15214,Fairywood
15216,Perry North
15208,Central Business District
15206,Central Oakland
15213,Larimer
15204,Spring Garden
15201,Mount Washington
15216,South Oakland
15229,Fineview
15216,South Side Slopes
15223,North Shore
15207,Central Business District
15201,Beechview
15205,West End
15206,Fineview
15213,Perry North
15211,Elliott
15205,Fineview
15217,Spring Hill-City View
15202,Bluff
15210,Marshall-Shadeland
15238,Strip District
15206,Terrace Village
15204,Middle Hill
15226,Allegheny Center
15206,South Oakland
15213,Sheraden
15222,Upper Hill
15207,Spring Hill-City View
15207,East Hills
15214,Bluff
15221,East Allegheny
15222,Central Oakland
15214,Middle Hill
15220,Chateau
15201,East Hills
15233,East Hills
15206,Lincoln Place
15211,Squirrel Hill South
15235,Morningside
15227,North Oakland
15235,Stanton Heights
15227,Central Business District
15221,Highland Park
15222,Brighton Heights
15213,Beechview
15210,Fineview
15201,Outside County
15217,Mount Washington
15233,Allegheny Center
15122,Homewood South
15217,Bluff
15227,Beltzhoover
15212,Homewood West
15208,South Side Flats
15222,South Side Slopes
15224,Greenfield
15208,Greenfield
15210,Beechview
15233,Lincoln-Lemington-Belmar
15210,Duquesne Heights
15220,Knoxville
15207,Squirrel Hill North
15238,Outside County
15201,Highland Park
15234,Crafton Heights
15212,Polish Hill
15224,Upper Hill
15201,Squirrel Hill South
15232,Squirrel Hill North
15212,Central Lawrenceville
15233,Outside City
15227,South Shore
15203,Duquesne Heights
15206,Hazelwood
15205,Outside State
15208,South Side Slopes
15211,Homewood North
15212,Homewood North
15226,Larimer
15213,Lincoln Place
15221,Carrick
15207,South Side Slopes
15210,North Oakland
15211,South Shore
15226,Highland Park
15212,Hays
15205,Esplen
15222,Perry South
15122,Larimer
15213,Brookline
15211,Crafton Heights
15213,Allentown
15211,Westwood
15235,Lincoln-Lemington-Belmar
15203,Crawford-Roberts
15214,Homewood West
15204,Bluff
15204,Central North Side
15226,Crafton Heights
15224,West Oakland
15218,Allegheny Center
15235,Homewood South
15203,Knoxville
15213,Knoxville
15235,East Liberty
15224,Perry North
15216,South Side Flats
15208,Spring Hill-City View
15235,Garfield
15204,Overbrook
15204,Bedford Dwellings
15201,Friendship
15204,South Oakland
15217,Overbrook
15216,Bedford Dwellings
15238,Homewood North
15220,Fineview
15232,North Oakland
15218,Squirrel Hill South
15201,South Side Slopes
15215,Crawford-Roberts
15216,Oakwood
15204,Mount Washington
15232,Greenfield
15211,Sheraden
15232,Outside State
15212,Fairywood
15238,Marshall-Shadeland
15203,Point Breeze
15217,Middle Hill
15212,Westwood
15215,Point Breeze North
15210,Allegheny Center
15233,Central Lawrenceville
15234,Central Business District
15234,Brookline
15221,Hazelwood
15202,Allegheny Center
15222,Lower Lawrenceville
15210,Larimer
15210,Northview Heights
15204,Squirrel Hill South
15207,Garfield
15201,South Side Flats
15222,Swisshelm Park
15237,East Allegheny
15221,West End
15208,Mount Washington
15213,Allegheny Center
15204,Hazelwood
15202,Chateau
15122,South Oakland
15213,Duquesne Heights
15207,Arlington Heights
15205,Duquesne Heights
15232,Central Oakland
15207,Homewood West
15207,Bedford Dwellings
15205,Outside County
15206,Squirrel Hill North
15207,Larimer
15226,Strip District
15232,East Liberty
15206,Beechview
15214,Troy Hill
15233,Terrace Village
15213,Garfield
15217,Banksville
15206,Duquesne Heights
15217,Perry South
15233,Upper Hill
15203,East Liberty
15210,Upper Hill
15208,Beltzhoover
15220,Lincoln Place
15226,East Hills
15214,East Hills
15206,Allegheny West
15210,New Homestead
15207,Crawford-Roberts
15208,Middle Hill
15223,Manchester
15228,Point Breeze
15205,Windgap
15227,Larimer
15216,Marshall-Shadeland
15216,Arlington
15220,Manchester
15224,Fineview
15243,North Shore
15209,Central Business District
15203,Overbrook
15204,Outside State
15204,Homewood South
15213,Overbrook
15214,Larimer
15227,Brighton Heights
15212,Larimer
15202,Outside State
15222,Homewood North
15212,East Hills
15211,North Shore
15222,Beltzhoover
15217,Terrace Village
15220,Allegheny Center
15222,Chateau
15221,Polish Hill
15214,Knoxville
15202,Outside City
15208,Crafton Heights
15211,Bluff
15210,Polish Hill
15243,Beechview
15233,Mount Oliver
15210,Troy Hill
15209,Troy Hill
15214,North Oakland
15220,Upper Hill
15217,Friendship
15201,Greenfield
15232,Polish Hill
15216,Lincoln-Lemington-Belmar
15222,Brookline
15222,Upper Lawrenceville
15210,Stanton Heights
15203,Outside City
15213,East Carnegie
15201,Garfield
15207,Brookline
15222,Central North Side
15208,Shadyside
15224,South Side Slopes
15222,Stanton Heights
15222,Squirrel Hill North
15221,Beltzhoover
15221,Strip District
15226,Manchester
15226,South Side Flats
15220,Lower Lawrenceville
15211,Banksville
15227,Mount Washington
15205,South Side Flats
15210,East Hills
15227,Highland Park
15216,Homewood South
15208,East Allegheny
15221,Brookline
15216,Ridgemont
15224,East Allegheny
15213,Beltzhoover
15213,Spring Garden
15210,Middle Hill
15224,Brookline
15212,Squirrel Hill North
15229,Stanton Heights
15223,Outside City
15212,Ridgemont
15207,East Allegheny
15233,Beechview
15203,Highland Park
15214,Carrick
15216,Allentown
15203,Garfield
15235,Lower Lawrenceville
15236,Squirrel Hill South
15204,Knoxville
15212,Friendship
15222,Arlington Heights
15220,Central North Side
15222,Morningside
15216,Mount Washington
15232,Homewood North
15236,Banksville
15206,Elliott
15229,North Shore
15215,Allegheny Center
15217,Garfield
15216,Duquesne Heights
15213,Chateau
15233,Lower Lawrenceville
15204,Chateau
15206,Chateau
15210,Westwood
15216,Bluff
15207,West End
15233,West Oakland
15201,East Allegheny
15214,South Side Flats
15238,Central Lawrenceville
15221,Mount Washington
15227,Bluff
15227,Crawford-Roberts
15214,Allegheny West
15222,Northview Heights
15205,Manchester
15235,Highland Park
15237,Strip District
15216,Greenfield
15202,Summer Hill
15216,East Liberty
15237,Bluff
15236,Brookline
15214,Lincoln-Lemington-Belmar
15221,Sheraden
15229,Brookline
15214,Strip District
15208,Carrick
15233,Banksville
15235,Bluff
15226,Middle Hill
15210,Brighton Heights
15207,Crafton Heights
15226,Squirrel Hill South
15216,Central Business District
15204,Central Business District
15222,South Shore
15206,Crafton Heights
15216,East Hills
15236,Central Business District
15204,Garfield
15223,Central Business District
15217,Polish Hill
15205,East Hills
15205,Chartiers City
15220,West Oakland
15207,Overbrook
15233,Larimer
15220,Highland Park
15237,Sheraden
15213,Manchester
15222,Perry North
15207,Carrick
15234,Banksville
15229,Ridgemont
15208,Crawford-Roberts
15221,Ridgemont
15205,Bluff
15232,Lincoln-Lemington-Belmar
15211,Knoxville
15204,Banksville
15217,Bloomfield
15224,Elliott
15227,Homewood South
15204,Terrace Village
15208,California-Kirkbride
15233,Homewood North
15210,Homewood West
15208,Knoxville
15218,Northview Heights
15216,Terrace Village
15205,Allentown
15208,Stanton Heights
15206,Spring Garden
15238,West Oakland
15224,Knoxville
15227,Northview Heights
15213,Banksville
15220,Bloomfield
15206,South Shore
15222,Fairywood
15213,Northview Heights
15225,Lower Lawrenceville
15224,Sheraden
15235,Hazelwood
15211,Brighton Heights
15204,Arlington Heights
15221,Bon Air
15217,Elliott
15217,Strip District
15226,Chateau
15207,Allegheny Center
15204,Lincoln-Lemington-Belmar
15122,Hazelwood
15216,Squirrel Hill South
15211,Troy Hill
15216,Homewood North
15234,Allentown
15221,Northview Heights
15221,Central North Side
15220,North Shore
15206,Manchester
15235,South Side Flats
15221,Esplen
15207,Shadyside
15211,Mount Oliver
15234,Middle Hill
15275,Outside City
15208,Perry North
15202,Manchester
15122,Outside City
15213,Homewood West
15223,Bluff
15220,Spring Hill-City View
15213,Swisshelm Park
15210,Greenfield
15205,Central Business District
15202,North Shore
15216,Knoxville
15122,Crafton Heights
15211,Beechview
15221,Bedford Dwellings
15226,Hazelwood
15211,Strip District
15214,Hazelwood
15233,Spring Garden
15211,Lincoln-Lemington-Belmar
15220,Outside County
15206,Perry South
15236,Point Breeze
15217,Sheraden
15224,East Hills
15218,Sheraden
15217,Esplen
15220,Spring Garden
15217,Duquesne Heights
15225,East Allegheny
15226,Central Oakland
15213,Bon Air
15213,Allegheny West
15122,Hays
15220,Homewood North
15201,Allegheny Center
15211,Greenfield
15207,Point Breeze North
15201,Northview Heights
15203,Upper Lawrenceville
15217,South Side Slopes
15201,New Homestead
15213,Spring Hill-City View
15224,Homewood North
15214,Central Oakland
15203,Troy Hill
15204,Brighton Heights
15203,Outside County
15203,Marshall-Shadeland
15232,Squirrel Hill South
15227,Strip District
15226,Homewood West
15203,Perry North
15241,East Hills
15229,Duquesne Heights
15239,Central Business District
15224,Upper Lawrenceville
15224,Bluff
15223,Bloomfield
15218,Lincoln-Lemington-Belmar
15241,Sheraden
15122,Central Oakland
15217,New Homestead
15210,Spring Hill-City View
15122,Arlington
15212,Greenfield
15201,Homewood North
15226,Crawford-Roberts
15222,Hazelwood
15224,Outside City
15204,Allegheny Center
15232,Larimer
15226,East Liberty
15205,Knoxville
15224,South Side Flats
15217,Homewood West
15235,Middle Hill
15214,Arlington
15236,Swisshelm Park
15218,Squirrel Hill North
15235,Bedford Dwellings
15210,Lincoln Place
15227,Allentown
15213,Morningside
15220,Shadyside
15237,Outside City
15235,Bloomfield
15213,Arlington Heights
15233,Ridgemont
15220,Friendship
15211,Chateau
15221,Glen Hazel
15203,Lower Lawrenceville
15218,Perry South
15211,Marshall-Shadeland
15218,Outside City
15211,California-Kirkbride
15211,Perry North
15233,Duquesne Heights
15238,Bloomfield
15215,Stanton Heights
15203,Perry South
15211,Bloomfield
15205,Mount Washington
15235,Overbrook
15222,Oakwood
15220,Homewood West
15204,Northview Heights
15224,Squirrel Hill North
15208,Perry South
15214,Overbrook
15224,Outside County
15235,Sheraden
15238,Hazelwood
15214,South Side Slopes
15214,Stanton Heights
15204,Greenfield
15216,Strip District
15212,Bon Air
15211,Northview Heights
15239,East Hills
15222,Squirrel Hill South
15238,Beechview
15213,Bedford Dwellings
15213,Highland Park
15220,Hazelwood
15229,California-Kirkbride
15229,Brighton Heights
15227,Outside State
15227,Mount Oliver
15236,Troy Hill
15236,East Hills
15236,Outside City
15222,Polish Hill
15206,Arlington
15215,Strip District
15233,Elliott
15218,Troy Hill
15214,Bedford Dwellings
15218,East Allegheny
15210,Hays
15204,Brookline
15202,Spring Hill-City View
15214,West Oakland
15243,Banksville
15224,Allegheny Center
15207,Central Lawrenceville
15213,Ridgemont
15227,Squirrel Hill South
15202,Central Business District
15221,Overbrook
15203,North Shore
15224,Bedford Dwellings
15218,Larimer
15213,Lower Lawrenceville
15222,Overbrook
15217,Fineview
15212,Upper Lawrenceville
15211,Bedford Dwellings
15214,Bon Air
15203,Banksville
15227,Bon Air
15213,Point Breeze North
15203,Homewood South
15220,Squirrel Hill South
15207,Terrace Village
15239,Lincoln-Lemington-Belmar
15224,Perry South
15217,Glen Hazel
15220,Central Lawrenceville
15238,Mount Washington
15222,Glen Hazel
15214,Elliott
15226,Squirrel Hill North
15220,Windgap
15207,North Oakland
15203,West Oakland
15207,Brighton Heights
15221,Brighton Heights
15204,Outside County
15227,Elliott
15225,Perry South
15207,Troy Hill
15209,Garfield
15238,Northview Heights
15217,South Oakland
15215,Hazelwood
15215,Central Business District
15215,East Allegheny
15222,Larimer
15237,Northview Heights
15216,East Allegheny
15226,Homewood North
15227,Lincoln-Lemington-Belmar
15207,Marshall-Shadeland
15226,California-Kirkbride
15217,Bedford Dwellings
15218,Central Business District
15203,Upper Hill
15226,Spring Hill-City View
15220,Lincoln-Lemington-Belmar
15233,Hazelwood
15201,Central Oakland
15213,Brighton Heights
15213,Fineview
15210,Summer Hill
15204,Lower Lawrenceville
15235,Central Business District
15213,Westwood
15206,Windgap
15205,North Shore
15204,Perry South
15213,Stanton Heights
15206,Bon Air
15221,Spring Hill-City View
15220,Arlington
15208,Bedford Dwellings
15235,Beechview
15231,Outside City
